round,lib,threads,mean_ns,p50_ns,p75_ns,p90_ns,p95_ns,p99_ns,p999_ns,worst_ns,consumer_cpu_pct,peak_mb
1,bqlog_fast,1,4.88,4,4,6,10,18,62,156,0.5,2.1
1,bqlog_normal,1,14.47,12,12,18,22,45,193,645,0.5,1.8
1,quill,1,5.33,4,4,8,10,18,156,335,0.5,2.0
1,fmtlog,1,18.82,16,20,25,25,33,167,258,0.4,2.5
1,spdlog_async,1,209.71,183,205,322,361,552,1144,3265,0.4,4.7
1,bqlog_fast,4,18.14,8,12,18,152,166,250,469,1.1,2.6
1,bqlog_normal,4,26.32,16,22,33,160,181,225,321,1.0,2.3
1,quill,4,18.47,6,12,20,154,168,235,544,1.2,2.9
1,fmtlog,4,34.29,18,22,152,160,175,283,339,0.9,5.8
1,spdlog_async,4,229.26,193,289,345,391,606,1175,2378,1.5,5.0
2,bqlog_fast,1,6.27,4,6,10,16,29,37,400,0.5,2.0
2,bqlog_normal,1,15.63,12,16,22,29,58,91,470,0.5,1.7
2,quill,1,6.37,4,8,12,16,29,31,37,0.5,1.9
2,fmtlog,1,29.94,16,20,32,154,168,307,632,0.5,2.2
2,spdlog_async,1,221.52,177,304,327,341,435,907,2689,0.4,4.7
2,bqlog_fast,4,19.91,6,12,22,154,166,261,638,1.1,2.3
2,bqlog_normal,4,26.69,16,22,33,160,181,267,606,1.0,2.4
2,quill,4,17.75,6,12,18,154,166,252,310,1.2,3.0
2,fmtlog,4,31.88,20,22,33,156,175,294,841,1.0,5.8
2,spdlog_async,4,226.01,193,271,341,379,570,1117,1909,1.4,5.0
3,bqlog_fast,1,6.33,4,8,12,16,29,77,250,0.5,1.8
3,bqlog_normal,1,16.20,12,17,25,35,60,89,177,0.5,1.9
3,quill,1,6.89,4,8,12,16,29,154,250,0.5,1.8
3,fmtlog,1,27.72,16,20,29,154,166,175,296,0.5,2.2
3,spdlog_async,1,223.58,179,304,329,347,468,781,1684,0.4,4.7
3,bqlog_fast,4,19.20,6,10,18,154,166,243,557,1.0,2.5
3,bqlog_normal,4,26.85,16,22,33,162,181,260,329,1.0,2.3
3,quill,4,18.82,6,12,20,154,168,258,517,1.2,2.9
3,fmtlog,4,35.34,18,22,154,160,175,295,677,0.9,5.7
3,spdlog_async,4,230.90,197,289,347,389,585,1130,1968,1.5,5.0
4,bqlog_fast,1,6.69,4,8,12,16,29,168,304,0.5,1.9
4,bqlog_normal,1,16.59,12,18,25,35,65,172,366,0.5,1.9
4,quill,1,7.04,4,8,12,16,30,164,304,0.5,2.0
4,fmtlog,1,19.94,16,20,25,27,85,227,386,0.4,2.4
4,spdlog_async,1,189.08,177,193,212,247,409,1598,2185,0.4,4.7
4,bqlog_fast,4,12.30,4,8,12,22,164,243,295,1.1,2.5
4,bqlog_normal,4,289.34,18,25,33,56,181,277,1338702,1.1,2.4
4,quill,4,18.15,8,12,20,154,168,266,308,1.3,3.0
4,fmtlog,4,35.53,19,22,154,160,175,295,546,0.9,5.7
4,spdlog_async,4,224.51,193,268,340,375,548,1181,2293,1.5,5.1
5,bqlog_fast,1,6.53,4,8,12,16,29,152,164,0.5,1.9
5,bqlog_normal,1,16.55,12,18,25,35,68,163,252,0.5,1.9
5,quill,1,7.04,4,10,14,16,29,47,339,0.5,1.9
5,fmtlog,1,28.25,16,20,29,154,168,283,443,0.5,2.4
5,spdlog_async,1,220.22,177,302,328,345,458,758,2501,0.4,4.6
5,bqlog_fast,4,19.58,8,12,20,154,168,254,727,1.1,2.4
5,bqlog_normal,4,27.45,16,22,35,162,181,245,531,1.0,2.4
5,quill,4,18.45,6,12,22,154,168,247,550,1.2,2.9
5,fmtlog,4,34.04,18,22,97,160,172,272,687,0.9,5.7
5,spdlog_async,4,228.43,195,285,342,373,573,1225,2351,1.5,5.0
