lib,test,threads,ms,cpu_ms,peak_mb
fmtlog,multi_param,1,251,472,2.26592
fmtlog,no_param,1,159,288,2.26595
fmtlog,multi_param,2,503,1453,3.2659
fmtlog,no_param,2,313,882,3.29715
fmtlog,multi_param,4,1090,5325,5.46905
fmtlog,no_param,4,673,3205,5.46909
fmtlog,multi_param,6,1587,10832,7.70354
fmtlog,no_param,6,1040,7029,7.75043
fmtlog,multi_param,8,2098,18495,9.95358
fmtlog,no_param,8,1362,11859,9.90668
fmtlog,multi_param,10,3018,32374,11.9692
fmtlog,no_param,10,1856,19698,12.1098
fmtlog,multi_param,1,254,480,2.23465
fmtlog,no_param,1,157,285,2.21902
fmtlog,multi_param,2,523,1510,3.42217
fmtlog,no_param,2,311,879,3.219
fmtlog,multi_param,4,1089,5310,5.45345
fmtlog,no_param,4,671,3216,5.4847
fmtlog,multi_param,6,1577,10809,7.73479
fmtlog,no_param,6,1014,6843,7.70349
fmtlog,multi_param,8,2097,18490,9.89104
fmtlog,no_param,8,1333,11597,9.82854
fmtlog,multi_param,10,2969,31854,12.0629
fmtlog,no_param,10,1789,19020,12.1255
fmtlog,multi_param,1,254,475,2.28157
fmtlog,no_param,1,158,282,2.17213
fmtlog,multi_param,2,508,1461,3.25025
fmtlog,no_param,2,309,866,3.1721
fmtlog,multi_param,4,1082,5275,5.4847
fmtlog,no_param,4,654,3123,5.56289
fmtlog,multi_param,6,1576,10793,7.70351
fmtlog,no_param,6,1017,6842,7.67224
fmtlog,multi_param,8,2069,18249,9.85979
fmtlog,no_param,8,1327,11543,9.93789
fmtlog,multi_param,10,2982,32093,12.016
fmtlog,no_param,10,1797,19095,12.0786
log4j2,multi_param,1,665,2810,0
log4j2,multi_param,2,954,4386,0
log4j2,multi_param,4,1872,9206,0
log4j2,multi_param,6,2388,12036,0
log4j2,multi_param,8,3424,17525,0
log4j2,multi_param,10,3754,19383,0
spdlog_async,multi_param,1,535,966,4.46907
spdlog_async,no_param,1,509,839,4.46907
spdlog_async,multi_param,2,1762,3675,4.48465
spdlog_async,no_param,2,1521,2988,4.68784
spdlog_async,multi_param,4,6758,20142,4.64097
spdlog_async,no_param,4,5956,17195,4.64097
spdlog_async,multi_param,6,25056,85372,4.70347
spdlog_async,no_param,6,24097,79658,4.96918
glog,multi_param,1,2322,2318,1.12523
glog,no_param,1,1730,1726,1.12523
glog,multi_param,2,4033,7342,1.34405
glog,no_param,2,3012,5401,1.48467
glog,multi_param,4,9929,30661,1.42215
glog,no_param,4,7203,21206,1.53152
glog,multi_param,6,21544,92488,1.5315
glog,no_param,6,19185,74055,1.6565
bqlog_fast_compress,multi_param,1,58,93,2.23463
bqlog_fast_compress,no_param,1,47,92,2.26588
bqlog_fast_compress_enc,multi_param,1,45,88,2.57842
bqlog_fast_compress_enc,no_param,1,42,83,2.57842
bqlog_fast_text,multi_param,1,162,312,2.23465
bqlog_fast_text,no_param,1,77,149,2.3128
bqlog_compress,multi_param,1,46,72,2.23467
bqlog_compress,no_param,1,29,55,2.29717
bqlog_compress_enc,multi_param,1,43,85,2.40652
bqlog_compress_enc,no_param,1,27,53,2.43777
bqlog_text,multi_param,1,151,298,2.1565
bqlog_text,no_param,1,94,165,2.25025
bqlog_fast_compress_expand,multi_param,1,43,85,61.9846
bqlog_fast_compress_expand,no_param,1,50,101,62.0471
bqlog_fast_compress_enc_expand,multi_param,1,52,104,73.3597
bqlog_fast_compress_enc_expand,no_param,1,47,95,73.3597
bqlog_fast_text_expand,multi_param,1,163,325,75.5784
bqlog_fast_text_expand,no_param,1,76,150,76.2347
bqlog_compress_expand,multi_param,1,56,112,95.6254
bqlog_compress_expand,no_param,1,28,56,95.6254
bqlog_compress_enc_expand,multi_param,1,100,200,164.282
bqlog_compress_enc_expand,no_param,1,30,60,164.907
bqlog_text_expand,multi_param,1,231,455,186.344
bqlog_text_expand,no_param,1,100,197,187.063
bqlog_fast_compress,multi_param,2,74,220,2.35963
bqlog_fast_compress,no_param,2,68,198,2.35963
bqlog_fast_compress_enc,multi_param,2,81,237,2.5315
bqlog_fast_compress_enc,no_param,2,65,188,2.5315
bqlog_fast_text,multi_param,2,312,767,2.37527
bqlog_fast_text,no_param,2,145,363,2.40652
bqlog_compress,multi_param,2,72,170,2.26592
bqlog_compress,no_param,2,63,137,2.34405
bqlog_compress_enc,multi_param,2,80,218,2.43777
bqlog_compress_enc,no_param,2,54,138,2.46902
bqlog_text,multi_param,2,300,790,2.26588
bqlog_text,no_param,2,144,350,2.40652
bqlog_fast_compress_expand,multi_param,2,91,195,135.954
bqlog_fast_compress_expand,no_param,2,57,159,136.375
bqlog_fast_compress_enc_expand,multi_param,2,105,223,149.219
bqlog_fast_compress_enc_expand,no_param,2,57,159,149.766
bqlog_fast_text_expand,multi_param,2,335,679,150.641
bqlog_fast_text_expand,no_param,2,151,366,150.75
bqlog_compress_expand,multi_param,2,180,405,314.313
bqlog_compress_expand,no_param,2,94,211,314.469
bqlog_compress_enc_expand,multi_param,2,250,543,380.704
bqlog_compress_enc_expand,no_param,2,94,212,380.719
bqlog_text_expand,multi_param,2,489,1016,397.61
bqlog_text_expand,no_param,2,209,442,397.688
bqlog_fast_compress,multi_param,4,147,728,2.5315
bqlog_fast_compress,no_param,4,128,629,2.5784
bqlog_fast_compress_enc,multi_param,4,155,773,2.87532
bqlog_fast_compress_enc,no_param,4,129,632,2.90657
bqlog_fast_text,multi_param,4,618,2587,2.56277
bqlog_fast_text,no_param,4,300,1154,2.56277
bqlog_compress,multi_param,4,155,732,2.54717
bqlog_compress,no_param,4,108,523,2.57842
bqlog_compress_enc,multi_param,4,156,773,2.73472
bqlog_compress_enc,no_param,4,109,511,2.79722
bqlog_text,multi_param,4,622,2841,2.51592
bqlog_text,no_param,4,292,1227,2.51592
bqlog_fast_compress_expand,multi_param,4,203,477,278.235
bqlog_fast_compress_expand,no_param,4,126,443,278.938
bqlog_fast_compress_enc_expand,multi_param,4,209,484,293.032
bqlog_fast_compress_enc_expand,no_param,4,117,417,293.532
bqlog_fast_text_expand,multi_param,4,703,1446,303.266
bqlog_fast_text_expand,no_param,4,317,826,303.391
bqlog_compress_expand,multi_param,4,467,1152,698.329
bqlog_compress_expand,no_param,4,246,584,699.001
bqlog_compress_enc_expand,multi_param,4,564,1350,778.173
bqlog_compress_enc_expand,no_param,4,246,579,778.517
bqlog_text_expand,multi_param,4,1091,2395,814.423
bqlog_text_expand,no_param,4,447,983,815.001
bqlog_fast_compress,multi_param,6,223,1506,2.84409
bqlog_fast_compress,no_param,6,168,1170,2.90659
bqlog_fast_compress_enc,multi_param,6,233,1606,2.844
bqlog_fast_compress_enc,no_param,6,172,1190,2.93775
bqlog_fast_text,multi_param,6,933,6453,2.7503
bqlog_fast_text,no_param,6,449,2717,2.84405
bqlog_compress,multi_param,6,227,1572,2.64088
bqlog_compress,no_param,6,164,1094,2.67213
bqlog_compress_enc,multi_param,6,239,1618,2.93782
bqlog_compress_enc,no_param,6,164,1029,3.04722
bqlog_text,multi_param,6,919,6090,2.71907
bqlog_text,no_param,6,419,2782,2.71907
bqlog_fast_compress_expand,multi_param,6,302,807,405.657
bqlog_fast_compress_expand,no_param,6,200,725,406.266
bqlog_fast_compress_enc_expand,multi_param,6,305,803,422.048
bqlog_fast_compress_enc_expand,no_param,6,182,703,422.813
bqlog_fast_text_expand,multi_param,6,1017,2218,450.798
bqlog_fast_text_expand,no_param,6,463,1267,451.016
bqlog_compress_expand,multi_param,6,800,2223,1020.31
bqlog_compress_expand,no_param,6,424,1100,1020.5
bqlog_compress_enc_expand,multi_param,6,940,2516,1101.58
bqlog_compress_enc_expand,no_param,6,401,1065,1102.31
bqlog_text_expand,multi_param,6,1950,4534,1207.39
bqlog_text_expand,no_param,6,726,1704,1207.69
bqlog_fast_compress,multi_param,8,299,2629,2.9534
bqlog_fast_compress,no_param,8,228,2006,2.96902
bqlog_fast_compress_enc,multi_param,8,309,2584,3.17215
bqlog_fast_compress_enc,no_param,8,228,2030,3.17215
bqlog_fast_text,multi_param,8,1229,10928,2.90657
bqlog_fast_text,no_param,8,568,4796,3.03162
bqlog_compress,multi_param,8,301,2623,2.98472
bqlog_compress,no_param,8,218,1774,3.06287
bqlog_compress_enc,multi_param,8,319,2766,3.10972
bqlog_compress_enc,no_param,8,219,1789,3.10972
bqlog_text,multi_param,8,1243,10528,2.84405
bqlog_text,no_param,8,564,4455,2.90655
bqlog_fast_compress_expand,multi_param,8,393,1161,531.282
bqlog_fast_compress_expand,no_param,8,248,971,531.501
bqlog_fast_compress_enc_expand,multi_param,8,413,1195,549.344
bqlog_fast_compress_enc_expand,no_param,8,248,971,549.844
bqlog_fast_text_expand,multi_param,8,1368,3105,597.86
bqlog_fast_text_expand,no_param,8,605,1712,598.563
bqlog_compress_expand,multi_param,8,1333,3999,1366.06
bqlog_compress_expand,no_param,8,636,1747,1366.67
bqlog_compress_enc_expand,multi_param,8,1614,4505,1472.83
bqlog_compress_enc_expand,no_param,8,633,1756,1473.47
bqlog_text_expand,multi_param,8,3111,7497,1622.22
bqlog_text_expand,no_param,8,1117,2711,1622.22
bqlog_fast_compress,multi_param,10,375,3984,2.96902
bqlog_fast_compress,no_param,10,287,3053,3.15652
bqlog_fast_compress_enc,multi_param,10,388,4042,3.26592
bqlog_fast_compress_enc,no_param,10,291,2866,3.32842
bqlog_fast_text,multi_param,10,1537,16307,3.07849
bqlog_fast_text,no_param,10,715,7593,3.23474
bqlog_compress,multi_param,10,385,3917,3.01592
bqlog_compress,no_param,10,277,2900,3.04717
bqlog_compress_enc,multi_param,10,393,4113,3.37537
bqlog_compress_enc,no_param,10,279,2911,3.37537
bqlog_text,multi_param,10,1511,15933,3.21916
bqlog_text,no_param,10,707,7400,3.25041
bqlog_fast_compress_expand,multi_param,10,510,1613,657.251
bqlog_fast_compress_expand,no_param,10,331,1187,657.798
bqlog_fast_compress_enc_expand,multi_param,10,515,1629,675.72
bqlog_fast_compress_enc_expand,no_param,10,330,1212,676.267
bqlog_fast_text_expand,multi_param,10,1718,4079,742.501
bqlog_fast_text_expand,no_param,10,792,2077,743.157
bqlog_compress_expand,multi_param,10,1865,5859,1709.95
bqlog_compress_expand,no_param,10,946,2644,1710.52
bqlog_compress_enc_expand,multi_param,10,1928,5991,1750.36
bqlog_compress_enc_expand,no_param,10,977,2710,1750.44
bqlog_text_expand,multi_param,10,4214,10535,2027.42
bqlog_text_expand,no_param,10,1608,4004,2027.42
quill,multi_param,1,330,492,5.39097
quill,no_param,1,210,327,5.39097
quill_expand,multi_param,1,345,483,142.688
quill_expand,no_param,1,220,370,142.688
quill,multi_param,2,706,1350,7.20351
quill,no_param,2,423,859,11.7817
quill_expand,multi_param,2,704,1004,278.001
quill_expand,no_param,2,460,808,278.001
quill,multi_param,4,1536,4710,5.43789
quill,no_param,4,968,3058,10.9067
quill_expand,multi_param,4,1433,2032,552.032
quill_expand,no_param,4,931,1674,552.032
quill,multi_param,6,2336,9621,7.32849
quill,no_param,6,1542,6585,11.9848
quill_expand,multi_param,6,2242,3196,833.611
quill_expand,no_param,6,1439,2611,833.611
quill,multi_param,8,3384,18373,9.07851
quill,no_param,8,2242,12403,16.9224
quill_expand,multi_param,8,2930,4252,1110.72
quill_expand,no_param,8,1937,3507,1110.72
quill,multi_param,10,4312,29048,10.3285
quill,no_param,10,2868,19523,19.3129
quill_expand,multi_param,10,3751,5475,1371.99
quill_expand,no_param,10,2520,4380,1371.99
bqlog_fast_compress,multi_param,1,37,73,2.28152
bqlog_fast_compress,no_param,1,42,83,2.28152
bqlog_fast_compress_enc,multi_param,1,45,85,2.469
bqlog_fast_compress_enc,no_param,1,42,84,2.469
bqlog_fast_text,multi_param,1,150,298,2.2815
bqlog_fast_text,no_param,1,70,140,2.2815
bqlog_compress,multi_param,1,37,71,2.20338
bqlog_compress,no_param,1,26,52,2.23463
bqlog_compress_enc,multi_param,1,43,85,2.37527
bqlog_compress_enc,no_param,1,26,52,2.37527
bqlog_text,multi_param,1,158,305,2.23467
bqlog_text,no_param,1,73,143,2.29717
bqlog_fast_compress_expand,multi_param,1,43,85,61.6409
bqlog_fast_compress_expand,no_param,1,48,96,61.6722
bqlog_fast_compress_enc_expand,multi_param,1,52,103,73.0472
bqlog_fast_compress_enc_expand,no_param,1,48,95,73.0472
bqlog_fast_text_expand,multi_param,1,161,322,74.7034
bqlog_fast_text_expand,no_param,1,73,146,75.1722
bqlog_compress_expand,multi_param,1,54,108,90.4378
bqlog_compress_expand,no_param,1,30,60,90.4378
bqlog_compress_enc_expand,multi_param,1,90,180,148.86
bqlog_compress_enc_expand,no_param,1,28,56,149.563
bqlog_text_expand,multi_param,1,219,438,179.61
bqlog_text_expand,no_param,1,90,179,179.938
bqlog_fast_compress,multi_param,2,74,219,2.53157
bqlog_fast_compress,no_param,2,67,197,2.57845
bqlog_fast_compress_enc,multi_param,2,81,225,2.59405
bqlog_fast_compress_enc,no_param,2,70,202,2.65655
bqlog_fast_text,multi_param,2,311,784,2.4378
bqlog_fast_text,no_param,2,145,362,2.5003
bqlog_compress,multi_param,2,85,219,2.31277
bqlog_compress,no_param,2,53,134,2.34402
bqlog_compress_enc,multi_param,2,86,245,2.42213
bqlog_compress_enc,no_param,2,63,159,2.48463
bqlog_text,multi_param,2,298,858,2.26588
bqlog_text,no_param,2,145,383,2.40652
bqlog_fast_compress_expand,multi_param,2,106,210,137.172
bqlog_fast_compress_expand,no_param,2,56,158,137.375
bqlog_fast_compress_enc_expand,multi_param,2,107,226,148.563
bqlog_fast_compress_enc_expand,no_param,2,57,162,148.61
bqlog_fast_text_expand,multi_param,2,327,670,150.375
bqlog_fast_text_expand,no_param,2,149,356,150.61
bqlog_compress_expand,multi_param,2,174,390,308.969
bqlog_compress_expand,no_param,2,94,212,309.188
bqlog_compress_enc_expand,multi_param,2,245,532,377.641
bqlog_compress_enc_expand,no_param,2,95,213,377.657
bqlog_text_expand,multi_param,2,486,1013,396.719
bqlog_text_expand,no_param,2,213,448,396.813
bqlog_fast_compress,multi_param,4,149,736,2.67217
bqlog_fast_compress,no_param,4,123,610,2.67217
bqlog_fast_compress_enc,multi_param,4,155,771,2.7503
bqlog_fast_compress_enc,no_param,4,124,616,2.90655
bqlog_fast_text,multi_param,4,616,3047,2.5315
bqlog_fast_text,no_param,4,288,1370,2.5315
bqlog_compress,multi_param,4,148,709,2.46902
bqlog_compress,no_param,4,109,514,2.54717
bqlog_compress_enc,multi_param,4,158,771,2.71902
bqlog_compress_enc,no_param,4,108,520,2.71902
bqlog_text,multi_param,4,606,2594,2.48467
bqlog_text,no_param,4,288,1274,2.67217
bqlog_fast_compress_expand,multi_param,4,194,451,280.547
bqlog_fast_compress_expand,no_param,4,115,416,281.141
bqlog_fast_compress_enc_expand,multi_param,4,211,480,297.157
bqlog_fast_compress_enc_expand,no_param,4,116,413,297.516
bqlog_fast_text_expand,multi_param,4,667,1392,305.079
bqlog_fast_text_expand,no_param,4,301,811,305.579
bqlog_compress_expand,multi_param,4,478,1182,711.095
bqlog_compress_expand,no_param,4,246,596,711.141
bqlog_compress_enc_expand,multi_param,4,573,1352,786.313
bqlog_compress_enc_expand,no_param,4,247,589,786.72
bqlog_text_expand,multi_param,4,1115,2414,815.642
bqlog_text_expand,no_param,4,462,1002,815.938
bqlog_fast_compress,multi_param,6,221,1438,2.7503
bqlog_fast_compress,no_param,6,180,1170,2.78155
bqlog_fast_compress_enc,multi_param,6,231,1417,2.96909
bqlog_fast_compress_enc,no_param,6,169,1170,3.04724
bqlog_fast_text,multi_param,6,935,6416,2.6409
bqlog_fast_text,no_param,6,417,2601,2.8128
bqlog_compress,multi_param,6,227,1479,2.64088
bqlog_compress,no_param,6,164,1136,2.76588
bqlog_compress_enc,multi_param,6,235,1594,2.84402
bqlog_compress_enc,no_param,6,168,1155,2.90652
bqlog_text,multi_param,6,910,5517,2.65652
bqlog_text,no_param,6,417,2705,2.76592
bqlog_fast_compress_expand,multi_param,6,308,804,414.079
bqlog_fast_compress_expand,no_param,6,198,721,414.532
bqlog_fast_compress_enc_expand,multi_param,6,308,800,424.485
bqlog_fast_compress_enc_expand,no_param,6,181,699,424.86
bqlog_fast_text_expand,multi_param,6,1038,2255,452.548
bqlog_fast_text_expand,no_param,6,465,1273,453.141
bqlog_compress_expand,multi_param,6,806,2249,1043.38
bqlog_compress_expand,no_param,6,404,1070,1044.03
bqlog_compress_enc_expand,multi_param,6,999,2628,1105.2
bqlog_compress_enc_expand,no_param,6,427,1098,1105.2
bqlog_text_expand,multi_param,6,1944,4518,1209.3
bqlog_text_expand,no_param,6,726,1705,1209.81
bqlog_fast_compress,multi_param,8,301,2421,2.85965
bqlog_fast_compress,no_param,8,237,1749,3.09405
bqlog_fast_compress_enc,multi_param,8,312,2681,3.18787
bqlog_fast_compress_enc,no_param,8,231,1985,3.26601
bqlog_fast_text,multi_param,8,1292,11121,3.07847
bqlog_fast_text,no_param,8,574,4837,3.23472
bqlog_compress,multi_param,8,306,2636,2.82847
bqlog_compress,no_param,8,219,1868,2.85972
bqlog_compress_enc,multi_param,8,318,2747,3.14097
bqlog_compress_enc,no_param,8,221,1913,3.17222
bqlog_text,multi_param,8,1216,10533,2.85967
bqlog_text,no_param,8,556,4688,2.92217
bqlog_fast_compress_expand,multi_param,8,392,1161,532.204
bqlog_fast_compress_expand,no_param,8,250,967,532.47
bqlog_fast_compress_enc_expand,multi_param,8,413,1187,550.657
bqlog_fast_compress_enc_expand,no_param,8,261,978,551.016
bqlog_fast_text_expand,multi_param,8,1375,3095,603.157
bqlog_fast_text_expand,no_param,8,614,1724,603.501
bqlog_compress_expand,multi_param,8,1236,3758,1353.66
bqlog_compress_expand,no_param,8,622,1712,1354.24
bqlog_compress_enc_expand,multi_param,8,1528,4271,1445.97
bqlog_compress_enc_expand,no_param,8,630,1753,1446.22
bqlog_text_expand,multi_param,8,2960,7226,1605.11
bqlog_text_expand,no_param,8,1148,2745,1605.11
bqlog_fast_compress,multi_param,10,375,3966,3.0784
bqlog_fast_compress,no_param,10,294,3080,3.15655
bqlog_fast_compress_enc,multi_param,10,385,4084,3.21905
bqlog_fast_compress_enc,no_param,10,290,3034,3.29717
bqlog_fast_text,multi_param,10,1564,15669,3.00025
bqlog_fast_text,no_param,10,721,7133,3.094
bqlog_compress,multi_param,10,384,3994,2.93777
bqlog_compress,no_param,10,281,2951,2.96902
bqlog_compress_enc,multi_param,10,392,4166,3.20342
bqlog_compress_enc,no_param,10,278,2967,3.25032
bqlog_text,multi_param,10,1522,15547,3.07842
bqlog_text,no_param,10,691,7118,3.17217
bqlog_fast_compress_expand,multi_param,10,502,1612,658.157
bqlog_fast_compress_expand,no_param,10,321,1163,658.767
bqlog_fast_compress_enc_expand,multi_param,10,511,1645,671.829
bqlog_fast_compress_enc_expand,no_param,10,322,1157,672.235
bqlog_fast_text_expand,multi_param,10,1757,4088,746.001
bqlog_fast_text_expand,no_param,10,771,2072,746.204
bqlog_compress_expand,multi_param,10,1782,5628,1688.31
bqlog_compress_expand,no_param,10,983,2738,1688.95
bqlog_compress_enc_expand,multi_param,10,1955,6003,1749.63
bqlog_compress_enc_expand,no_param,10,1048,2844,1750.28
bqlog_text_expand,multi_param,10,4304,10733,2017.39
bqlog_text_expand,no_param,10,1627,4074,2017.39
quill,multi_param,1,335,498,5.35974
quill,no_param,1,211,328,7.42231
quill_expand,multi_param,1,348,487,142.876
quill_expand,no_param,1,222,373,142.876
quill,multi_param,2,691,1319,7.26599
quill,no_param,2,437,885,7.26599
quill_expand,multi_param,2,679,954,280.516
quill_expand,no_param,2,439,785,280.516
quill,multi_param,4,1517,4697,5.45349
quill,no_param,4,997,3145,9.10981
quill_expand,multi_param,4,1425,2010,551.298
quill_expand,no_param,4,888,1620,551.298
quill,multi_param,6,2313,9531,7.23479
quill,no_param,6,1535,6531,12.6724
quill_expand,multi_param,6,2141,3060,835.236
quill_expand,no_param,6,1439,2588,835.236
quill,multi_param,8,3299,17924,8.89101
quill,no_param,8,2231,12318,16.188
quill_expand,multi_param,8,2952,4287,1113.69
quill_expand,no_param,8,1923,3438,1113.69
quill,multi_param,10,4338,28927,13.5786
quill,no_param,10,2905,19828,20.4068
quill_expand,multi_param,10,3693,5415,1383.41
quill_expand,no_param,10,2518,4347,1383.41
bqlog_fast_compress,multi_param,1,39,76,2.56287
bqlog_fast_compress,no_param,1,42,84,2.56287
bqlog_fast_compress_enc,multi_param,1,43,85,2.35963
bqlog_fast_compress_enc,no_param,1,42,84,2.42213
bqlog_fast_text,multi_param,1,152,303,2.40657
bqlog_fast_text,no_param,1,71,141,2.40657
bqlog_compress,multi_param,1,37,72,2.20338
bqlog_compress,no_param,1,26,52,2.20338
bqlog_compress_enc,multi_param,1,46,88,2.45342
bqlog_compress_enc,no_param,1,27,53,2.45342
bqlog_text,multi_param,1,147,292,2.20338
bqlog_text,no_param,1,68,136,2.23463
bqlog_fast_compress_expand,multi_param,1,43,87,62.7815
bqlog_fast_compress_expand,no_param,1,43,87,62.7971
bqlog_fast_compress_enc_expand,multi_param,1,51,103,73.8753
bqlog_fast_compress_enc_expand,no_param,1,49,98,73.8753
bqlog_fast_text_expand,multi_param,1,160,320,75.0004
bqlog_fast_text_expand,no_param,1,72,144,75.3285
bqlog_compress_expand,multi_param,1,55,111,90.1878
bqlog_compress_expand,no_param,1,29,58,90.4222
bqlog_compress_enc_expand,multi_param,1,91,182,149.079
bqlog_compress_enc_expand,no_param,1,29,58,149.672
bqlog_text_expand,multi_param,1,223,445,180.891
bqlog_text_expand,no_param,1,92,184,180.891
bqlog_fast_compress,multi_param,2,82,189,2.45347
bqlog_fast_compress,no_param,2,68,199,2.48472
bqlog_fast_compress_enc,multi_param,2,81,241,2.54715
bqlog_fast_compress_enc,no_param,2,60,177,2.54715
bqlog_fast_text,multi_param,2,317,902,2.32838
bqlog_fast_text,no_param,2,147,366,2.35963
bqlog_compress,multi_param,2,72,212,2.2972
bqlog_compress,no_param,2,53,149,2.2972
bqlog_compress_enc,multi_param,2,80,235,2.39088
bqlog_compress_enc,no_param,2,53,159,2.50027
bqlog_text,multi_param,2,296,817,2.32847
bqlog_text,no_param,2,141,404,2.35972
bqlog_fast_compress_expand,multi_param,2,90,192,136.672
bqlog_fast_compress_expand,no_param,2,56,159,137.407
bqlog_fast_compress_enc_expand,multi_param,2,105,223,148.704
bqlog_fast_compress_enc_expand,no_param,2,56,158,148.735
bqlog_fast_text_expand,multi_param,2,325,664,151.563
bqlog_fast_text_expand,no_param,2,148,355,151.657
bqlog_compress_expand,multi_param,2,182,406,316.251
bqlog_compress_expand,no_param,2,94,212,316.297
bqlog_compress_enc_expand,multi_param,2,245,533,381.11
bqlog_compress_enc_expand,no_param,2,93,210,381.485
bqlog_text_expand,multi_param,2,492,1018,398.235
bqlog_text_expand,no_param,2,236,476,398.594
bqlog_fast_compress,multi_param,4,148,734,2.5628
bqlog_fast_compress,no_param,4,123,612,2.7503
bqlog_fast_compress_enc,multi_param,4,155,770,2.7034
bqlog_fast_compress_enc,no_param,4,125,620,2.7034
bqlog_fast_text,multi_param,4,617,3047,2.5315
bqlog_fast_text,no_param,4,288,1214,2.5315
bqlog_compress,multi_param,4,147,731,2.54717
bqlog_compress,no_param,4,109,532,2.57842
bqlog_compress_enc,multi_param,4,156,770,2.60967
bqlog_compress_enc,no_param,4,110,534,2.76592
bqlog_text,multi_param,4,599,2970,2.45338
bqlog_text,no_param,4,284,1397,2.45338
bqlog_fast_compress_expand,multi_param,4,196,461,277.985
bqlog_fast_compress_expand,no_param,4,116,420,278.047
bqlog_fast_compress_enc_expand,multi_param,4,210,485,294.36
bqlog_fast_compress_enc_expand,no_param,4,117,420,294.438
bqlog_fast_text_expand,multi_param,4,666,1404,302.704
bqlog_fast_text_expand,no_param,4,303,802,303.454
bqlog_compress_expand,multi_param,4,462,1138,708.032
bqlog_compress_expand,no_param,4,246,593,708.063
bqlog_compress_enc_expand,multi_param,4,548,1314,769.813
bqlog_compress_enc_expand,no_param,4,246,600,770.329
bqlog_text_expand,multi_param,4,1076,2360,816.47
bqlog_text_expand,no_param,4,446,984,817.063
bqlog_fast_compress,multi_param,6,224,1556,2.78155
bqlog_fast_compress,no_param,6,171,1193,2.8128
bqlog_fast_compress_enc,multi_param,6,232,1619,2.89092
bqlog_fast_compress_enc,no_param,6,171,1195,2.95342
bqlog_fast_text,multi_param,6,935,6461,2.73472
bqlog_fast_text,no_param,6,435,2754,2.89097
bqlog_compress,multi_param,6,227,1555,2.68782
bqlog_compress,no_param,6,165,1075,2.81282
bqlog_compress_enc,multi_param,6,253,1642,2.82842
bqlog_compress_enc,no_param,6,164,1113,2.89092
bqlog_text,multi_param,6,911,6176,2.67217
bqlog_text,no_param,6,420,2558,2.79717
bqlog_fast_compress_expand,multi_param,6,293,781,408.11
bqlog_fast_compress_expand,no_param,6,181,693,408.329
bqlog_fast_compress_enc_expand,multi_param,6,307,790,426.548
bqlog_fast_compress_enc_expand,no_param,6,186,700,426.751
bqlog_fast_text_expand,multi_param,6,1016,2217,451.344
bqlog_fast_text_expand,no_param,6,460,1269,452.094
bqlog_compress_expand,multi_param,6,811,2261,1029.81
bqlog_compress_expand,no_param,6,416,1097,1029.84
bqlog_compress_enc_expand,multi_param,6,922,2477,1086.3
bqlog_compress_enc_expand,no_param,6,411,1087,1086.91
bqlog_text_expand,multi_param,6,1928,4499,1205.78
bqlog_text_expand,no_param,6,768,1753,1205.83
bqlog_fast_compress,multi_param,8,299,2427,3.01599
bqlog_fast_compress,no_param,8,227,2026,3.04724
bqlog_fast_compress_enc,multi_param,8,317,2806,3.21909
bqlog_fast_compress_enc,no_param,8,231,2010,3.25034
bqlog_fast_text,multi_param,8,1236,10992,3.01595
bqlog_fast_text,no_param,8,554,4904,3.07845
bqlog_compress,multi_param,8,302,2664,2.8128
bqlog_compress,no_param,8,221,1867,2.84405
bqlog_compress_enc,multi_param,8,312,2745,2.93775
bqlog_compress_enc,no_param,8,221,1939,3.00025
bqlog_text,multi_param,8,1210,10100,2.76592
bqlog_text,no_param,8,545,4716,2.85967
bqlog_fast_compress_expand,multi_param,8,390,1160,532.735
bqlog_fast_compress_expand,no_param,8,250,986,533.454
bqlog_fast_compress_enc_expand,multi_param,8,408,1184,551.688
bqlog_fast_compress_enc_expand,no_param,8,249,986,551.891
bqlog_fast_text_expand,multi_param,8,1353,3080,598.345
bqlog_fast_text_expand,no_param,8,608,1703,598.548
bqlog_compress_expand,multi_param,8,1270,3784,1352.88
bqlog_compress_expand,no_param,8,635,1750,1353.38
bqlog_compress_enc_expand,multi_param,8,1414,4105,1437.44
bqlog_compress_enc_expand,no_param,8,634,1755,1438.08
bqlog_text_expand,multi_param,8,2959,7185,1615.49
bqlog_text_expand,no_param,8,1110,2698,1615.49
bqlog_fast_compress,multi_param,10,373,4020,3.0159
bqlog_fast_compress,no_param,10,287,3090,3.1409
bqlog_fast_compress_enc,multi_param,10,388,4121,3.23465
bqlog_fast_compress_enc,no_param,10,287,3090,3.31277
bqlog_fast_text,multi_param,10,1548,16420,3.1253
bqlog_fast_text,no_param,10,715,7291,3.1253
bqlog_compress,multi_param,10,384,3992,2.95338
bqlog_compress,no_param,10,278,2958,2.95338
bqlog_compress_enc,multi_param,10,390,4161,3.18777
bqlog_compress_enc,no_param,10,279,2919,3.23467
bqlog_text,multi_param,10,1498,15972,2.98463
bqlog_text,no_param,10,691,7285,3.01588
bqlog_fast_compress_expand,multi_param,10,504,1631,654.688
bqlog_fast_compress_expand,no_param,10,324,1170,654.767
bqlog_fast_compress_enc_expand,multi_param,10,509,1618,674.47
bqlog_fast_compress_enc_expand,no_param,10,318,1146,675.22
bqlog_fast_text_expand,multi_param,10,1708,4018,745.564
bqlog_fast_text_expand,no_param,10,765,2043,746.314
bqlog_compress_expand,multi_param,10,1966,5970,1681.83
bqlog_compress_expand,no_param,10,1258,3305,1681.91
bqlog_compress_enc_expand,multi_param,10,2801,7637,1798.72
bqlog_compress_enc_expand,no_param,10,1140,3034,1798.72
bqlog_text_expand,multi_param,10,5988,14024,2053.06
bqlog_text_expand,no_param,10,1969,4670,2053.06
quill,multi_param,1,331,493,5.35972
quill,no_param,1,221,348,7.39099
quill_expand,multi_param,1,351,496,142.891
quill_expand,no_param,1,234,392,142.891
quill,multi_param,2,708,1353,7.25041
quill,no_param,2,449,924,11.2661
quill_expand,multi_param,2,690,968,278.141
quill_expand,no_param,2,448,801,278.141
quill,multi_param,4,1496,4614,5.39099
quill,no_param,4,977,3100,9.67231
quill_expand,multi_param,4,1435,2041,558.079
quill_expand,no_param,4,910,1666,558.079
quill,multi_param,6,2328,9631,7.21912
quill,no_param,6,1559,6656,13.5473
quill_expand,multi_param,6,2212,3194,835.392
quill_expand,no_param,6,1528,2685,835.392
quill,multi_param,8,3350,18139,8.75039
quill,no_param,8,2260,12411,15.7973
quill_expand,multi_param,8,2993,4353,1111.67
quill_expand,no_param,8,1935,3519,1111.67
quill,multi_param,10,4521,30486,10.3441
quill,no_param,10,3223,21942,19.9848
quill_expand,multi_param,10,3786,5540,1397.11
quill_expand,no_param,10,2553,4394,1397.11
