lib,test,threads,ms,cpu_ms,peak_mb
bqlog_fast_compress,multi_param,1,65,156,9.67188
bqlog_fast_compress,no_param,1,36,62,12.6836
bqlog_fast_compress_enc,multi_param,1,70,156,12.6016
bqlog_fast_compress_enc,no_param,1,33,62,12.7344
bqlog_fast_text,multi_param,1,252,562,12.582
bqlog_fast_text,no_param,1,83,156,12.6602
bqlog_compress,multi_param,1,92,171,12.4688
bqlog_compress,no_param,1,67,125,12.5977
bqlog_compress_enc,multi_param,1,95,203,12.5898
bqlog_compress_enc,no_param,1,69,109,12.7188
bqlog_text,multi_param,1,242,500,12.4922
bqlog_text,no_param,1,86,187,12.5625
bqlog_fast_compress_expand,multi_param,1,66,140,51.5078
bqlog_fast_compress_expand,no_param,1,34,62,52.2344
bqlog_fast_compress_enc_expand,multi_param,1,70,156,55.1992
bqlog_fast_compress_enc_expand,no_param,1,34,62,55.2773
bqlog_fast_text_expand,multi_param,1,249,500,78.4844
bqlog_fast_text_expand,no_param,1,90,187,78.5625
bqlog_compress_expand,multi_param,1,69,140,17.1758
bqlog_compress_expand,no_param,1,59,125,17.4883
bqlog_compress_enc_expand,multi_param,1,68,171,31.7539
bqlog_compress_enc_expand,no_param,1,58,125,31.832
bqlog_text_expand,multi_param,1,254,500,153.27
bqlog_text_expand,no_param,1,89,187,153.703
bqlog_fast_compress,multi_param,2,113,328,12.6367
bqlog_fast_compress,no_param,2,68,156,12.7109
bqlog_fast_compress_enc,multi_param,2,116,375,12.7422
bqlog_fast_compress_enc,no_param,2,69,156,12.8164
bqlog_fast_text,multi_param,2,487,1359,12.6992
bqlog_fast_text,no_param,2,176,437,12.7734
bqlog_compress,multi_param,2,154,406,12.6211
bqlog_compress,no_param,2,106,281,12.6914
bqlog_compress_enc,multi_param,2,165,468,12.6445
bqlog_compress_enc,no_param,2,115,312,12.7383
bqlog_text,multi_param,2,466,1375,12.5273
bqlog_text,no_param,2,172,453,12.6016
bqlog_fast_compress_expand,multi_param,2,119,328,121.199
bqlog_fast_compress_expand,no_param,2,71,171,121.297
bqlog_fast_compress_enc_expand,multi_param,2,140,359,130.031
bqlog_fast_compress_enc_expand,no_param,2,76,171,130.602
bqlog_fast_text_expand,multi_param,2,535,1015,154.301
bqlog_fast_text_expand,no_param,2,178,390,154.871
bqlog_compress_expand,multi_param,2,130,359,172.996
bqlog_compress_expand,no_param,2,82,203,173.102
bqlog_compress_enc_expand,multi_param,2,145,390,202.504
bqlog_compress_enc_expand,no_param,2,79,203,202.602
bqlog_text_expand,multi_param,2,568,1250,366.141
bqlog_text_expand,no_param,2,203,453,366.242
bqlog_fast_compress,multi_param,4,215,921,12.8945
bqlog_fast_compress,no_param,4,146,625,12.9648
bqlog_fast_compress_enc,multi_param,4,218,812,12.9297
bqlog_fast_compress_enc,no_param,4,137,500,13
bqlog_fast_text,multi_param,4,984,4234,12.8516
bqlog_fast_text,no_param,4,367,1687,12.9258
bqlog_compress,multi_param,4,208,1078,12.7852
bqlog_compress,no_param,4,139,703,12.8555
bqlog_compress_enc,multi_param,4,217,1093,12.8828
bqlog_compress_enc,no_param,4,142,703,12.9531
bqlog_text,multi_param,4,967,4046,12.7891
bqlog_text,no_param,4,349,1546,12.8711
bqlog_fast_compress_expand,multi_param,4,232,640,256.773
bqlog_fast_compress_expand,no_param,4,148,328,257.629
bqlog_fast_compress_enc_expand,multi_param,4,237,609,265.684
bqlog_fast_compress_enc_expand,no_param,4,148,328,265.82
bqlog_fast_text_expand,multi_param,4,966,2109,303.91
bqlog_fast_text_expand,no_param,4,370,734,304.402
bqlog_compress_expand,multi_param,4,311,1031,513.594
bqlog_compress_expand,no_param,4,228,546,513.73
bqlog_compress_enc_expand,multi_param,4,366,1078,610.281
bqlog_compress_enc_expand,no_param,4,227,609,610.418
bqlog_text_expand,multi_param,4,1176,2687,779.551
bqlog_text_expand,no_param,4,499,1046,779.551
bqlog_fast_compress,multi_param,6,303,1953,13.0469
bqlog_fast_compress,no_param,6,213,1343,13.1523
bqlog_fast_compress_enc,multi_param,6,322,1671,13.1602
bqlog_fast_compress_enc,no_param,6,209,1250,13.2344
bqlog_fast_text,multi_param,6,1501,8453,13.0117
bqlog_fast_text,no_param,6,544,3015,13.1641
bqlog_compress,multi_param,6,302,2125,12.9375
bqlog_compress,no_param,6,207,1421,13.0117
bqlog_compress_enc,multi_param,6,412,2765,13.0703
bqlog_compress_enc,no_param,6,208,1515,13.1719
bqlog_text,multi_param,6,1496,9031,12.9531
bqlog_text,no_param,6,540,3781,13.0352
bqlog_fast_compress_expand,multi_param,6,341,1093,404.984
bqlog_fast_compress_expand,no_param,6,224,515,405.16
bqlog_fast_compress_enc_expand,multi_param,6,374,1078,423.355
bqlog_fast_compress_enc_expand,no_param,6,216,515,423.547
bqlog_fast_text_expand,multi_param,6,1476,3375,455.426
bqlog_fast_text_expand,no_param,6,551,1125,455.426
bqlog_compress_expand,multi_param,6,545,1906,889.75
bqlog_compress_expand,no_param,6,445,1109,889.953
bqlog_compress_enc_expand,multi_param,6,658,2125,1100.05
bqlog_compress_enc_expand,no_param,6,436,1062,1100.43
bqlog_text_expand,multi_param,6,5089,7890,1178.36
bqlog_text_expand,no_param,6,725,1937,1178.36
bqlog_fast_compress,multi_param,8,447,4046,13.25
bqlog_fast_compress,no_param,8,297,2359,13.3203
bqlog_fast_compress_enc,multi_param,8,458,3796,13.2812
bqlog_fast_compress_enc,no_param,8,274,2171,13.3867
bqlog_fast_text,multi_param,8,2057,16671,13.207
bqlog_fast_text,no_param,8,765,5687,13.2969
bqlog_compress,multi_param,8,457,4187,13.0547
bqlog_compress,no_param,8,307,2781,13.1875
bqlog_compress_enc,multi_param,8,487,4296,13.2422
bqlog_compress_enc,no_param,8,304,2671,13.2773
bqlog_text,multi_param,8,1994,14203,13.125
bqlog_text,no_param,8,736,6187,13.1992
bqlog_fast_compress_expand,multi_param,8,475,1687,519.148
bqlog_fast_compress_expand,no_param,8,316,734,520.023
bqlog_fast_compress_enc_expand,multi_param,8,494,1671,558.551
bqlog_fast_compress_enc_expand,no_param,8,307,671,558.77
bqlog_fast_text_expand,multi_param,8,1974,4562,605.797
bqlog_fast_text_expand,no_param,8,745,1609,605.797
bqlog_compress_expand,multi_param,8,766,3140,1169.92
bqlog_compress_expand,no_param,8,697,1843,1170.63
bqlog_compress_enc_expand,multi_param,8,889,3437,1399.8
bqlog_compress_enc_expand,no_param,8,699,1843,1400.22
bqlog_text_expand,multi_param,8,2449,6828,1549.97
bqlog_text_expand,no_param,8,1193,2937,1549.97
bqlog_fast_compress,multi_param,10,567,4906,13.5469
bqlog_fast_compress,no_param,10,365,3593,13.6523
bqlog_fast_compress_enc,multi_param,10,605,5781,13.6055
bqlog_fast_compress_enc,no_param,10,351,3812,13.6797
bqlog_fast_text,multi_param,10,2613,26500,13.3477
bqlog_fast_text,no_param,10,960,10421,13.5
bqlog_compress,multi_param,10,602,6421,13.2891
bqlog_compress,no_param,10,387,4062,13.5234
bqlog_compress_enc,multi_param,10,599,6671,13.4062
bqlog_compress_enc,no_param,10,424,4625,13.5312
bqlog_text,multi_param,10,2530,22203,13.293
bqlog_text,no_param,10,1013,10640,13.4922
bqlog_fast_compress_expand,multi_param,10,625,2265,685.613
bqlog_fast_compress_expand,no_param,10,400,953,685.934
bqlog_fast_compress_enc_expand,multi_param,10,618,2375,677.168
bqlog_fast_compress_enc_expand,no_param,10,402,968,677.777
bqlog_fast_text_expand,multi_param,10,2610,6390,751.172
bqlog_fast_text_expand,no_param,10,925,1984,751.172
bqlog_compress_expand,multi_param,10,1046,4875,1602.62
bqlog_compress_expand,no_param,10,886,2421,1603.69
bqlog_compress_enc_expand,multi_param,10,1112,4984,1700.08
bqlog_compress_enc_expand,no_param,10,873,2375,1701.21
bqlog_text_expand,multi_param,10,3064,9171,1958.89
bqlog_text_expand,no_param,10,1502,3640,1958.89
quill,multi_param,1,399,796,15.3516
quill,no_param,1,220,421,15.7344
quill_expand,multi_param,1,449,421,152.223
quill_expand,no_param,1,245,250,152.223
quill,multi_param,2,776,2203,17.3125
quill,no_param,2,441,1281,17.3125
quill_expand,multi_param,2,1066,1093,289.199
quill_expand,no_param,2,704,781,289.199
quill,multi_param,4,1474,7343,16.3828
quill,no_param,4,935,4625,18.3984
quill_expand,multi_param,4,2350,2390,563.926
quill_expand,no_param,4,1653,1703,563.926
quill,multi_param,6,2300,16078,17.543
quill,no_param,6,1431,9843,22.9062
quill_expand,multi_param,6,3756,3953,844.422
quill_expand,no_param,6,2652,2765,844.422
quill,multi_param,8,3404,30484,19.3711
quill,no_param,8,2119,18812,25.625
quill_expand,multi_param,8,4660,4984,1119.95
quill_expand,no_param,8,3576,3796,1119.95
quill,multi_param,10,4535,49500,21.6602
quill,no_param,10,3002,32671,24.9883
quill_expand,multi_param,10,6019,6421,1398.48
quill_expand,no_param,10,4657,5000,1398.48
fmtlog,multi_param,1,774,1265,12.0781
fmtlog,no_param,1,505,687,12.0508
fmtlog,multi_param,2,1368,3640,13.1094
fmtlog,no_param,2,1003,2531,13.1094
fmtlog,multi_param,4,2717,12609,15.1523
fmtlog,no_param,4,1772,7968,15.1562
fmtlog,multi_param,6,4143,27484,17.2344
fmtlog,no_param,6,2708,17421,17.1992
fmtlog,multi_param,8,5821,50437,19.2891
fmtlog,no_param,8,4098,34640,19.2461
fmtlog,multi_param,10,8652,92328,21.332
fmtlog,no_param,10,6592,69109,21.3945
bqlog_fast_compress,multi_param,1,68,109,12.5664
bqlog_fast_compress,no_param,1,33,62,12.7031
bqlog_fast_compress_enc,multi_param,1,96,140,12.6914
bqlog_fast_compress_enc,no_param,1,33,62,12.8281
bqlog_fast_text,multi_param,1,261,562,12.5469
bqlog_fast_text,no_param,1,91,187,12.6211
bqlog_compress,multi_param,1,96,218,12.5234
bqlog_compress,no_param,1,67,125,12.6523
bqlog_compress_enc,multi_param,1,113,203,12.6367
bqlog_compress_enc,no_param,1,69,156,12.7734
bqlog_text,multi_param,1,244,515,12.457
bqlog_text,no_param,1,98,187,12.5273
bqlog_fast_compress_expand,multi_param,1,97,187,86.6289
bqlog_fast_compress_expand,no_param,1,34,62,86.707
bqlog_fast_compress_enc_expand,multi_param,1,86,203,73.7461
bqlog_fast_compress_enc_expand,no_param,1,34,62,74.6484
bqlog_fast_text_expand,multi_param,1,267,562,79.4961
bqlog_fast_text_expand,no_param,1,92,187,79.5742
bqlog_compress_expand,multi_param,1,109,203,125.211
bqlog_compress_expand,no_param,1,60,125,125.289
bqlog_compress_enc_expand,multi_param,1,86,156,67.3477
bqlog_compress_enc_expand,no_param,1,60,125,67.4258
bqlog_text_expand,multi_param,1,270,546,156.75
bqlog_text_expand,no_param,1,96,171,156.828
bqlog_fast_compress,multi_param,2,114,328,12.6328
bqlog_fast_compress,no_param,2,68,156,12.7031
bqlog_fast_compress_enc,multi_param,2,140,328,12.7969
bqlog_fast_compress_enc,no_param,2,67,156,12.8945
bqlog_fast_text,multi_param,2,494,1234,12.6055
bqlog_fast_text,no_param,2,177,421,12.6758
bqlog_compress,multi_param,2,157,453,12.5781
bqlog_compress,no_param,2,117,296,12.6484
bqlog_compress_enc,multi_param,2,214,546,12.7422
bqlog_compress_enc,no_param,2,109,328,12.8359
bqlog_text,multi_param,2,501,1281,12.582
bqlog_text,no_param,2,171,515,12.6562
bqlog_fast_compress_expand,multi_param,2,121,328,123.383
bqlog_fast_compress_expand,no_param,2,72,171,124.367
bqlog_fast_compress_enc_expand,multi_param,2,143,296,149.734
bqlog_fast_compress_enc_expand,no_param,2,69,109,149.836
bqlog_fast_text_expand,multi_param,2,508,1078,152.691
bqlog_fast_text_expand,no_param,2,186,390,152.848
bqlog_compress_expand,multi_param,2,128,390,181.094
bqlog_compress_expand,no_param,2,78,187,181.191
bqlog_compress_enc_expand,multi_param,2,257,562,363.219
bqlog_compress_enc_expand,no_param,2,79,187,363.328
bqlog_text_expand,multi_param,2,554,1250,364.605
bqlog_text_expand,no_param,2,204,453,365.234
bqlog_fast_compress,multi_param,4,214,843,12.8633
bqlog_fast_compress,no_param,4,138,578,12.9336
bqlog_fast_compress_enc,multi_param,4,224,828,12.9609
bqlog_fast_compress_enc,no_param,4,136,625,13.0312
bqlog_fast_text,multi_param,4,985,4531,12.7969
bqlog_fast_text,no_param,4,356,1406,12.8711
bqlog_compress,multi_param,4,213,1093,12.7773
bqlog_compress,no_param,4,138,703,12.8828
bqlog_compress_enc,multi_param,4,224,1078,12.8906
bqlog_compress_enc,no_param,4,138,703,12.9883
bqlog_text,multi_param,4,962,4046,12.7305
bqlog_text,no_param,4,372,1468,12.8008
bqlog_fast_compress_expand,multi_param,4,225,625,255.473
bqlog_fast_compress_expand,no_param,4,141,296,255.609
bqlog_fast_compress_enc_expand,multi_param,4,233,625,264.348
bqlog_fast_compress_enc_expand,no_param,4,147,328,264.785
bqlog_fast_text_expand,multi_param,4,1004,2218,304.402
bqlog_fast_text_expand,no_param,4,413,796,305.367
bqlog_compress_expand,multi_param,4,318,953,550.188
bqlog_compress_expand,no_param,4,222,515,550.328
bqlog_compress_enc_expand,multi_param,4,345,1109,596.949
bqlog_compress_enc_expand,no_param,4,238,593,597.098
bqlog_text_expand,multi_param,4,1190,2765,779.672
bqlog_text_expand,no_param,4,544,1156,779.672
bqlog_fast_compress,multi_param,6,335,2062,12.9727
bqlog_fast_compress,no_param,6,216,1359,13.125
bqlog_fast_compress_enc,multi_param,6,357,1796,13.1406
bqlog_fast_compress_enc,no_param,6,233,1390,13.1797
bqlog_fast_text,multi_param,6,1521,8890,12.9961
bqlog_fast_text,no_param,6,537,3203,13.0781
bqlog_compress,multi_param,6,298,2078,12.9688
bqlog_compress,no_param,6,204,1421,13.043
bqlog_compress_enc,multi_param,6,353,2375,13.0703
bqlog_compress_enc,no_param,6,219,1531,13.1172
bqlog_text,multi_param,6,1407,7625,12.9609
bqlog_text,no_param,6,565,3484,13.0352
bqlog_fast_compress_expand,multi_param,6,394,1125,440.531
bqlog_fast_compress_expand,no_param,6,229,546,440.758
bqlog_fast_compress_enc_expand,multi_param,6,412,1078,459.91
bqlog_fast_compress_enc_expand,no_param,6,232,546,460.094
bqlog_fast_text_expand,multi_param,6,1514,3437,455.82
bqlog_fast_text_expand,no_param,6,707,1343,455.82
bqlog_compress_expand,multi_param,6,568,1906,978.336
bqlog_compress_expand,no_param,6,443,1140,979.336
bqlog_compress_enc_expand,multi_param,6,650,2140,1097.8
bqlog_compress_enc_expand,no_param,6,446,1140,1098.33
bqlog_text_expand,multi_param,6,1822,4468,1188.34
bqlog_text_expand,no_param,6,941,2078,1188.34
bqlog_fast_compress,multi_param,8,428,3703,13.2188
bqlog_fast_compress,no_param,8,304,2359,13.2891
bqlog_fast_compress_enc,multi_param,8,516,4140,13.2891
bqlog_fast_compress_enc,no_param,8,290,2546,13.3984
bqlog_fast_text,multi_param,8,2036,18218,13.2227
bqlog_fast_text,no_param,8,742,5812,13.3867
bqlog_compress,multi_param,8,461,3859,13.0586
bqlog_compress,no_param,8,306,2812,13.1562
bqlog_compress_enc,multi_param,8,467,4218,13.2891
bqlog_compress_enc,no_param,8,295,2500,13.4297
bqlog_text,multi_param,8,1981,16546,13.1367
bqlog_text,no_param,8,726,5796,13.2305
bqlog_fast_compress_expand,multi_param,8,528,1687,576.723
bqlog_fast_compress_expand,no_param,8,320,718,576.949
bqlog_fast_compress_enc_expand,multi_param,8,764,2000,634.344
bqlog_fast_compress_enc_expand,no_param,8,308,718,635.039
bqlog_fast_text_expand,multi_param,8,2043,4781,607.477
bqlog_fast_text_expand,no_param,8,795,1671,607.477
bqlog_compress_expand,multi_param,8,874,3359,1361.38
bqlog_compress_expand,no_param,8,682,1781,1361.63
bqlog_compress_enc_expand,multi_param,8,1446,3906,1750.55
bqlog_compress_enc_expand,no_param,8,675,1703,1750.74
bqlog_text_expand,multi_param,8,3388,7562,1622.73
bqlog_text_expand,no_param,8,1580,3703,1622.73
bqlog_fast_compress,multi_param,10,649,6546,13.3906
bqlog_fast_compress,no_param,10,376,3421,13.5
bqlog_fast_compress_enc,multi_param,10,577,5843,13.4766
bqlog_fast_compress_enc,no_param,10,365,3796,13.5547
bqlog_fast_text,multi_param,10,2656,24312,13.4297
bqlog_fast_text,no_param,10,1326,14015,13.6523
bqlog_compress,multi_param,10,568,6343,13.3164
bqlog_compress,no_param,10,380,4250,13.4102
bqlog_compress_enc,multi_param,10,650,6984,13.3906
bqlog_compress_enc,no_param,10,409,4609,13.4883
bqlog_text,multi_param,10,2487,24953,13.332
bqlog_text,no_param,10,1233,12984,13.4688
bqlog_fast_compress_expand,multi_param,10,599,2296,641.27
bqlog_fast_compress_expand,no_param,10,395,890,642.176
bqlog_fast_compress_enc_expand,multi_param,10,627,2375,672.422
bqlog_fast_compress_enc_expand,no_param,10,394,921,672.805
bqlog_fast_text_expand,multi_param,10,2612,6312,752.785
bqlog_fast_text_expand,no_param,10,1203,2546,752.785
bqlog_compress_expand,multi_param,10,1059,4890,1607.4
bqlog_compress_expand,no_param,10,912,2531,1607.72
bqlog_compress_enc_expand,multi_param,10,1275,5359,1832.77
bqlog_compress_enc_expand,no_param,10,901,2437,1833.57
bqlog_text_expand,multi_param,10,3066,9203,1943.93
bqlog_text_expand,no_param,10,1927,4546,1943.93
quill,multi_param,1,405,812,15.3594
quill,no_param,1,224,453,15.7734
quill_expand,multi_param,1,511,500,152.594
quill_expand,no_param,1,258,265,152.594
quill,multi_param,2,729,2078,17.3242
quill,no_param,2,428,1281,17.3242
quill_expand,multi_param,2,1023,1093,289.316
quill_expand,no_param,2,632,703,289.316
quill,multi_param,4,1525,7578,16.3906
quill,no_param,4,910,4484,18.7852
quill_expand,multi_param,4,2331,2453,564.301
quill_expand,no_param,4,2092,2156,564.301
quill,multi_param,6,2668,18531,17.5547
quill,no_param,6,2638,18281,22.1836
quill_expand,multi_param,6,3983,4171,838.605
quill_expand,no_param,6,4083,4281,838.605
quill,multi_param,8,3942,35281,19.3516
quill,no_param,8,3444,30734,26.3477
quill_expand,multi_param,8,5367,5562,1118.15
quill_expand,no_param,8,5004,5250,1118.15
quill,multi_param,10,5781,63140,21.8047
quill,no_param,10,4505,49171,25.25
quill_expand,multi_param,10,6954,7546,1394.3
quill_expand,no_param,10,6287,6562,1394.3
fmtlog,multi_param,1,722,1140,12.0703
fmtlog,no_param,1,492,718,12.0586
fmtlog,multi_param,2,1252,3296,13.0977
fmtlog,no_param,2,834,2000,13.0781
fmtlog,multi_param,4,2740,12750,15.207
fmtlog,no_param,4,1594,7031,15.1406
fmtlog,multi_param,6,4655,30984,17.2148
fmtlog,no_param,6,2589,16609,17.1836
fmtlog,multi_param,8,6951,60046,19.2891
fmtlog,no_param,8,4400,37015,19.2773
fmtlog,multi_param,10,9428,100484,21.332
fmtlog,no_param,10,6698,70281,21.3945
bqlog_fast_compress,multi_param,1,67,109,12.5352
bqlog_fast_compress,no_param,1,36,93,12.668
bqlog_fast_compress_enc,multi_param,1,85,140,12.6719
bqlog_fast_compress_enc,no_param,1,35,62,12.8086
bqlog_fast_text,multi_param,1,249,515,12.543
bqlog_fast_text,no_param,1,88,187,12.6211
bqlog_compress,multi_param,1,166,234,12.4727
bqlog_compress,no_param,1,68,125,12.6094
bqlog_compress_enc,multi_param,1,112,218,12.6328
bqlog_compress_enc,no_param,1,67,109,12.7695
bqlog_text,multi_param,1,244,500,12.457
bqlog_text,no_param,1,82,187,12.5273
bqlog_fast_compress_expand,multi_param,1,142,203,90.1914
bqlog_fast_compress_expand,no_param,1,34,62,90.8008
bqlog_fast_compress_enc_expand,multi_param,1,90,171,79.6328
bqlog_fast_compress_enc_expand,no_param,1,35,62,79.7109
bqlog_fast_text_expand,multi_param,1,246,515,78.8555
bqlog_fast_text_expand,no_param,1,85,156,79.582
bqlog_compress_expand,multi_param,1,70,156,21.4805
bqlog_compress_expand,no_param,1,59,125,21.5508
bqlog_compress_enc_expand,multi_param,1,95,156,92.1719
bqlog_compress_enc_expand,no_param,1,56,125,92.8398
bqlog_text_expand,multi_param,1,346,671,208.527
bqlog_text_expand,no_param,1,94,187,208.605
bqlog_fast_compress,multi_param,2,113,296,12.6211
bqlog_fast_compress,no_param,2,71,203,12.6914
bqlog_fast_compress_enc,multi_param,2,128,328,12.7266
bqlog_fast_compress_enc,no_param,2,68,203,12.8242
bqlog_fast_text,multi_param,2,477,1234,12.6602
bqlog_fast_text,no_param,2,173,437,12.7305
bqlog_compress,multi_param,2,158,437,12.5898
bqlog_compress,no_param,2,113,343,12.6602
bqlog_compress_enc,multi_param,2,236,609,12.7422
bqlog_compress_enc,no_param,2,110,328,12.8359
bqlog_text,multi_param,2,465,1421,12.582
bqlog_text,no_param,2,164,468,12.6562
bqlog_fast_compress_expand,multi_param,2,116,281,119.777
bqlog_fast_compress_expand,no_param,2,70,171,120.289
bqlog_fast_compress_enc_expand,multi_param,2,145,296,150.762
bqlog_fast_compress_enc_expand,no_param,2,72,140,150.859
bqlog_fast_text_expand,multi_param,2,469,953,152.055
bqlog_fast_text_expand,no_param,2,172,359,152.801
bqlog_compress_expand,multi_param,2,133,375,194.324
bqlog_compress_expand,no_param,2,74,203,194.422
bqlog_compress_enc_expand,multi_param,2,147,343,224.898
bqlog_compress_enc_expand,no_param,2,79,234,224.996
bqlog_text_expand,multi_param,2,539,1171,362.031
bqlog_text_expand,no_param,2,195,406,362.129
bqlog_fast_compress,multi_param,4,210,906,12.8672
bqlog_fast_compress,no_param,4,145,671,13.0039
bqlog_fast_compress_enc,multi_param,4,214,1109,12.9688
bqlog_fast_compress_enc,no_param,4,146,656,13.043
bqlog_fast_text,multi_param,4,953,4578,12.9062
bqlog_fast_text,no_param,4,355,1562,12.9766
bqlog_compress,multi_param,4,241,1218,12.7891
bqlog_compress,no_param,4,139,687,12.8867
bqlog_compress_enc,multi_param,4,219,1062,12.8281
bqlog_compress_enc,no_param,4,142,703,12.9219
bqlog_text,multi_param,4,921,4171,12.7539
bqlog_text,no_param,4,325,1640,12.8242
bqlog_fast_compress_expand,multi_param,4,222,671,258.191
bqlog_fast_compress_expand,no_param,4,148,343,258.637
bqlog_fast_compress_enc_expand,multi_param,4,305,750,323.434
bqlog_fast_compress_enc_expand,no_param,4,145,296,323.809
bqlog_fast_text_expand,multi_param,4,957,2109,304.258
bqlog_fast_text_expand,no_param,4,443,812,304.395
bqlog_compress_expand,multi_param,4,423,1156,718.879
bqlog_compress_expand,no_param,4,234,609,719.023
bqlog_compress_enc_expand,multi_param,4,548,1453,831.793
bqlog_compress_enc_expand,no_param,4,217,515,831.93
bqlog_text_expand,multi_param,4,1171,2718,801.129
bqlog_text_expand,no_param,4,486,1078,801.129
bqlog_fast_compress,multi_param,6,399,2500,13.0117
bqlog_fast_compress,no_param,6,225,1281,13.2188
bqlog_fast_compress_enc,multi_param,6,348,2156,13.1484
bqlog_fast_compress_enc,no_param,6,211,1250,13.2539
bqlog_fast_text,multi_param,6,1412,8703,13.0195
bqlog_fast_text,no_param,6,533,2968,13.0938
bqlog_compress,multi_param,6,313,2187,12.9805
bqlog_compress,no_param,6,217,1531,13.0859
bqlog_compress_enc,multi_param,6,344,2406,13.1094
bqlog_compress_enc,no_param,6,228,1453,13.207
bqlog_text,multi_param,6,1646,9765,12.9648
bqlog_text,no_param,6,511,3046,13.0391
bqlog_fast_compress_expand,multi_param,6,333,953,398.781
bqlog_fast_compress_expand,no_param,6,225,515,399.039
bqlog_fast_compress_enc_expand,multi_param,6,371,1093,428.367
bqlog_fast_compress_enc_expand,no_param,6,231,546,428.613
bqlog_fast_text_expand,multi_param,6,1465,3265,456.434
bqlog_fast_text_expand,no_param,6,551,1156,456.434
bqlog_compress_expand,multi_param,6,764,2250,1147.97
bqlog_compress_expand,no_param,6,460,1125,1148.15
bqlog_compress_enc_expand,multi_param,6,769,2421,1173.4
bqlog_compress_enc_expand,no_param,6,429,1078,1173.58
bqlog_text_expand,multi_param,6,1725,4343,1182.21
bqlog_text_expand,no_param,6,973,2015,1182.21
bqlog_fast_compress,multi_param,8,415,2796,13.2266
bqlog_fast_compress,no_param,8,291,2015,13.3047
bqlog_fast_compress_enc,multi_param,8,431,3328,13.2891
bqlog_fast_compress_enc,no_param,8,274,1921,13.3242
bqlog_fast_text,multi_param,8,2017,17078,13.207
bqlog_fast_text,no_param,8,733,6203,13.2773
bqlog_compress,multi_param,8,432,3937,13.1406
bqlog_compress,no_param,8,283,2531,13.2148
bqlog_compress_enc,multi_param,8,565,4875,13.2773
bqlog_compress_enc,no_param,8,300,2656,13.3164
bqlog_text,multi_param,8,1942,17078,13.1055
bqlog_text,no_param,8,700,6000,13.2109
bqlog_fast_compress_expand,multi_param,8,454,1609,524.664
bqlog_fast_compress_expand,no_param,8,307,718,525.117
bqlog_fast_compress_enc_expand,multi_param,8,578,1703,634.305
bqlog_fast_compress_enc_expand,no_param,8,317,734,634.992
bqlog_fast_text_expand,multi_param,8,2046,4625,602.027
bqlog_fast_text_expand,no_param,8,824,1656,602.027
bqlog_compress_expand,multi_param,8,775,3031,1248.57
bqlog_compress_expand,no_param,8,646,1718,1248.79
bqlog_compress_enc_expand,multi_param,8,923,3375,1478.29
bqlog_compress_enc_expand,no_param,8,692,1812,1478.75
bqlog_text_expand,multi_param,8,8153,12718,1638.09
bqlog_text_expand,no_param,8,1395,3468,1638.09
bqlog_fast_compress,multi_param,10,552,5140,13.4531
bqlog_fast_compress,no_param,10,396,3953,13.6484
bqlog_fast_compress_enc,multi_param,10,600,6187,13.6406
bqlog_fast_compress_enc,no_param,10,360,3718,13.7344
bqlog_fast_text,multi_param,10,2484,25359,13.3398
bqlog_fast_text,no_param,10,1056,11390,13.4297
bqlog_compress,multi_param,10,597,6468,13.3672
bqlog_compress,no_param,10,389,4250,13.5898
bqlog_compress_enc,multi_param,10,567,6140,13.3984
bqlog_compress_enc,no_param,10,423,4562,13.4609
bqlog_text,multi_param,10,2912,29812,13.2773
bqlog_text,no_param,10,1430,13875,13.3867
bqlog_fast_compress_expand,multi_param,10,614,2296,681.312
bqlog_fast_compress_expand,no_param,10,389,1062,681.934
bqlog_fast_compress_enc_expand,multi_param,10,594,2296,665.203
bqlog_fast_compress_enc_expand,no_param,10,392,921,665.641
bqlog_fast_text_expand,multi_param,10,2493,6203,751.301
bqlog_fast_text_expand,no_param,10,1173,2531,751.301
bqlog_compress_expand,multi_param,10,901,4234,1481.49
bqlog_compress_expand,no_param,10,913,2406,1481.76
bqlog_compress_enc_expand,multi_param,10,980,4468,1551.9
bqlog_compress_enc_expand,no_param,10,868,2359,1552.17
bqlog_text_expand,multi_param,10,3413,9546,1971.58
bqlog_text_expand,no_param,10,1844,4578,1971.58
quill,multi_param,1,480,953,15.3633
quill,no_param,1,229,437,15.8281
quill_expand,multi_param,1,464,484,152.195
quill_expand,no_param,1,230,265,152.195
quill,multi_param,2,731,2093,17.2109
quill,no_param,2,445,1328,17.2109
quill_expand,multi_param,2,949,953,289.984
quill_expand,no_param,2,618,640,289.984
quill,multi_param,4,1553,7703,16.3438
quill,no_param,4,894,4390,18.2852
quill_expand,multi_param,4,2266,2359,564.438
quill_expand,no_param,4,2097,2234,564.438
quill,multi_param,6,2366,16515,17.5273
quill,no_param,6,2142,14796,21.4141
quill_expand,multi_param,6,3731,3968,844.488
quill_expand,no_param,6,3618,3703,844.488
quill,multi_param,8,3598,32109,19.3672
quill,no_param,8,3399,30234,26.5703
quill_expand,multi_param,8,5445,5734,1118.36
quill_expand,no_param,8,5063,5312,1118.36
quill,multi_param,10,5536,60531,21.4219
quill,no_param,10,4643,50546,29.8164
quill_expand,multi_param,10,7299,7734,1393.75
quill_expand,no_param,10,6507,6937,1393.75
fmtlog,multi_param,1,722,1156,12.082
fmtlog,no_param,1,564,812,12.0352
fmtlog,multi_param,2,1292,3390,13.0664
fmtlog,no_param,2,926,2265,13.082
fmtlog,multi_param,4,2523,11750,15.1758
fmtlog,no_param,4,1608,7171,15.1523
fmtlog,multi_param,6,4776,31890,17.2422
fmtlog,no_param,6,2398,15375,17.168
fmtlog,multi_param,8,7180,62453,19.2656
fmtlog,no_param,8,4148,34750,19.2422
fmtlog,multi_param,10,9585,102109,21.3359
fmtlog,no_param,10,6294,65437,21.3047
spdlog_async,multi_param,1,600,1140,14.3867
spdlog_async,no_param,1,489,906,14.4688
spdlog_async,multi_param,2,1682,4390,14.3867
spdlog_async,no_param,2,1723,4468,14.457
spdlog_async,multi_param,4,9931,35046,14.4609
spdlog_async,no_param,4,13153,43593,14.543
spdlog_async,multi_param,6,26107,87703,14.4688
spdlog_async,no_param,6,27474,87671,14.582
glog,multi_param,1,5284,5296,11.9062
glog,no_param,1,4386,4375,11.9062
glog,multi_param,2,11662,22484,11.9727
glog,no_param,2,8959,17031,11.9727
glog,multi_param,4,36176,136281,12.1328
glog,no_param,4,27110,101203,12.1328
glog,multi_param,6,59615,332281,12.2812
glog,no_param,6,43173,238156,12.2812
log4j2,multi_param,1,494,2875,0
log4j2,multi_param,2,946,4859,0
log4j2,multi_param,4,1753,7468,0
log4j2,multi_param,6,2556,12640,0
log4j2,multi_param,8,3365,15562,0
log4j2,multi_param,10,4711,22562,0
