lib,test,threads,ms,peak_mb
bqlog_compress,multi_param,1,95
bqlog_compress_enc,multi_param,1,102
bqlog_text,multi_param,1,258
bqlog_compress,no_param,1,83
bqlog_text,no_param,1,106
bqlog_compress,multi_param,2,144
bqlog_compress_enc,multi_param,2,166
bqlog_text,multi_param,2,513
bqlog_compress,no_param,2,77
bqlog_text,no_param,2,215
bqlog_compress,multi_param,3,210
bqlog_compress_enc,multi_param,3,167
bqlog_text,multi_param,3,777
bqlog_compress,no_param,3,89
bqlog_text,no_param,3,301
bqlog_compress,multi_param,4,210
bqlog_compress_enc,multi_param,4,190
bqlog_text,multi_param,4,1054
bqlog_compress,no_param,4,120
bqlog_text,no_param,4,413
bqlog_compress,multi_param,5,226
bqlog_compress_enc,multi_param,5,236
bqlog_text,multi_param,5,1324
bqlog_compress,no_param,5,149
bqlog_text,no_param,5,488
bqlog_compress,multi_param,6,267
bqlog_compress_enc,multi_param,6,308
bqlog_text,multi_param,6,1587
bqlog_compress,no_param,6,189
bqlog_text,no_param,6,631
bqlog_compress,multi_param,7,362
bqlog_compress_enc,multi_param,7,350
bqlog_text,multi_param,7,1891
bqlog_compress,no_param,7,228
bqlog_text,no_param,7,697
bqlog_compress,multi_param,8,395
bqlog_compress_enc,multi_param,8,391
bqlog_text,multi_param,8,2143
bqlog_compress,no_param,8,256
bqlog_text,no_param,8,846
bqlog_compress,multi_param,9,439
bqlog_compress_enc,multi_param,9,453
bqlog_text,multi_param,9,2465
bqlog_compress,no_param,9,307
bqlog_text,no_param,9,960
bqlog_compress,multi_param,10,507
bqlog_compress_enc,multi_param,10,493
bqlog_text,multi_param,10,2811
bqlog_compress,no_param,10,335
bqlog_text,no_param,10,1120
spdlog_async,multi_param,1,560
spdlog_async,no_param,1,474
spdlog_async,multi_param,2,1649
spdlog_async,no_param,2,1281
spdlog_async,multi_param,3,3402
spdlog_async,no_param,3,2956
spdlog_async,multi_param,4,5737
spdlog_async,no_param,4,5166
spdlog_async,multi_param,5,9069
spdlog_async,no_param,5,8127
spdlog_async,multi_param,6,13827
spdlog_async,no_param,6,13496
spdlog_async,multi_param,7,21494
spdlog_async,no_param,7,20644
spdlog_async,multi_param,8,24518
spdlog_async,no_param,8,24230
spdlog_async,multi_param,9,28463
spdlog_async,no_param,9,27566
spdlog_async,multi_param,10,32939
spdlog_async,no_param,10,29875
fmtlog,multi_param,1,548
fmtlog,no_param,1,326
fmtlog,multi_param,2,1173
fmtlog,no_param,2,631
fmtlog,multi_param,3,1665
fmtlog,no_param,3,1091
fmtlog,multi_param,4,2194
fmtlog,no_param,4,1343
fmtlog,multi_param,5,2881
fmtlog,no_param,5,1790
fmtlog,multi_param,6,3440
fmtlog,no_param,6,2254
fmtlog,multi_param,7,4386
fmtlog,no_param,7,2596
fmtlog,multi_param,8,5242
fmtlog,no_param,9,4012
fmtlog,no_param,10,4717
fmtlog,multi_param,9,5888
fmtlog,multi_param,10,6926
quill,multi_param,1,639
quill,no_param,1,456
quill,multi_param,2,1429
quill,no_param,2,1037
quill,multi_param,3,2232
quill,no_param,3,1591
quill,multi_param,4,3082
quill,no_param,4,2170
quill,multi_param,5,3915
quill,no_param,5,2850
quill,multi_param,6,4726
quill,no_param,6,3436
quill,multi_param,7,5609
quill,no_param,7,4092
quill,multi_param,8,6246
quill,no_param,8,4688
quill,multi_param,9,6957
quill,no_param,9,5335
quill,multi_param,10,7812
quill,no_param,10,5937
glog,multi_param,1,4485
glog,no_param,1,3080
glog,multi_param,2,8548
glog,no_param,2,6018
glog,multi_param,3,14875
glog,no_param,3,10607
glog,multi_param,4,21387
glog,no_param,4,15253
glog,multi_param,5,28295
glog,no_param,5,20324
glog,multi_param,6,36060
glog,no_param,6,25873
glog,multi_param,7,45742
glog,no_param,7,32806
glog,multi_param,8,62368
glog,no_param,8,44795
glog,multi_param,9,102370
glog,no_param,9,70932
glog,multi_param,10,127550
glog,no_param,10,88906
bqlog_compress_enc,no_param,1,81
